,id,year,team1,score1,score2,team2
53,53,1950,Brazil,4,0,Mexico
54,54,1950,England,2,0,Chile
55,55,1950,Spain,3,1,USA
56,56,1950,Sweden,3,2,Italy
57,57,1950,Yugoslavia,3,0,Switzerland
58,58,1950,Brazil,2,2,Switzerland
59,59,1950,Yugoslavia,4,1,Mexico
60,60,1950,Spain,2,0,Chile
61,61,1950,Sweden,2,2,Paraguay
62,62,1950,USA,1,0,England
63,63,1950,Brazil,2,0,Yugoslavia
64,64,1950,Spain,1,0,England
65,65,1950,Italy,2,0,Paraguay
66,66,1950,Uruguay,8,0,Bolivia
67,67,1950,Switzerland,2,1,Mexico
68,68,1950,Chile,5,2,USA
69,69,1950,Uruguay,2,2,Spain
70,70,1950,Brazil,7,1,Sweden
71,71,1950,Brazil,6,1,Spain
72,72,1950,Uruguay,3,2,Sweden
73,73,1950,Sweden,3,1,Spain
74,74,1950,Uruguay,2,1,Brazil
75,75,1954,Uruguay,2,0,Czechoslovakia
76,76,1954,Austria,1,0,Scotland
77,77,1954,Brazil,5,0,Mexico
78,78,1954,Yugoslavia,1,0,France
79,79,1954,Germany FR,4,1,Turkey
80,80,1954,Hungary,9,0,Korea Republic
81,81,1954,England,4,4,Belgium
82,82,1954,Switzerland,2,1,Italy
83,83,1954,Uruguay,7,0,Scotland
84,84,1954,Austria,5,0,Czechoslovakia
85,85,1954,France,3,2,Mexico
86,86,1954,Brazil,1,1,Yugoslavia
87,87,1954,Hungary,8,3,Germany FR
88,88,1954,Turkey,7,0,Korea Republic
89,89,1954,England,2,0,Switzerland
90,90,1954,Italy,4,1,Belgium
91,91,1954,Germany FR,7,2,Turkey
92,92,1954,Switzerland,4,1,Italy
93,93,1954,Uruguay,4,2,England
94,94,1954,Austria,7,5,Switzerland
95,95,1954,Germany FR,2,0,Yugoslavia
96,96,1954,Hungary,4,2,Brazil
97,97,1954,Germany FR,6,1,Austria
98,98,1954,Hungary,4,2,Uruguay
99,99,1954,Austria,3,1,Uruguay
100,100,1954,Germany FR,3,2,Hungary
101,101,1958,Sweden,3,0,Mexico
102,102,1958,Soviet Union,2,2,England
103,103,1958,Argentina,1,3,Germany FR
104,104,1958,Hungary,1,1,Wales
105,105,1958,France,7,3,Paraguay
106,106,1958,Yugoslavia,1,1,Scotland
107,107,1958,Brazil,3,0,Austria
108,108,1958,Northern Ireland,1,0,Czechoslovakia
109,109,1958,Brazil,0,0,England
110,110,1958,Mexico,1,1,Wales
111,111,1958,Paraguay,3,2,Scotland
112,112,1958,Yugoslavia,3,2,France
113,113,1958,Soviet Union,2,0,Austria
114,114,1958,Germany FR,2,2,Czechoslovakia
115,115,1958,Argentina,3,1,Northern Ireland
116,116,1958,Sweden,2,1,Hungary
117,117,1958,Sweden,0,0,Wales
118,118,1958,Brazil,2,0,Soviet Union
119,119,1958,Germany FR,2,2,Northern Ireland
120,120,1958,Hungary,4,0,Mexico
121,121,1958,Paraguay,3,3,Yugoslavia
122,122,1958,France,2,1,Scotland
123,123,1958,England,2,2,Austria
124,124,1958,Czechoslovakia,6,1,Argentina
125,125,1958,Soviet Union,1,0,England
126,126,1958,Northern Ireland,2,1,Czechoslovakia
127,127,1958,Wales,2,1,Hungary
128,128,1958,Brazil,1,0,Wales
129,129,1958,Germany FR,1,0,Yugoslavia
130,130,1958,Sweden,2,0,Soviet Union
131,131,1958,France,4,0,Northern Ireland
132,132,1958,Sweden,3,1,Germany FR
133,133,1958,Brazil,5,2,France
134,134,1958,France,6,3,Germany FR
135,135,1958,Brazil,5,2,Sweden
136,136,1962,Uruguay,2,1,Colombia
137,137,1962,Brazil,2,0,Mexico
138,138,1962,Argentina,1,0,Bulgaria
139,139,1962,Chile,3,1,Switzerland
140,140,1962,Soviet Union,2,0,Yugoslavia
141,141,1962,Czechoslovakia,1,0,Spain
142,142,1962,Hungary,2,1,England
143,143,1962,Germany FR,0,0,Italy
144,144,1962,Yugoslavia,3,1,Uruguay
145,145,1962,Brazil,0,0,Czechoslovakia
146,146,1962,England,3,1,Argentina
147,147,1962,Chile,2,0,Italy
148,148,1962,Soviet Union,4,4,Colombia
149,149,1962,Spain,1,0,Mexico
150,150,1962,Hungary,6,1,Bulgaria
151,151,1962,Germany FR,2,1,Switzerland
152,152,1962,Soviet Union,2,1,Uruguay
153,153,1962,Brazil,2,1,Spain
154,154,1962,Hungary,0,0,Argentina
155,155,1962,Germany FR,2,0,Chile
156,156,1962,Yugoslavia,5,0,Colombia
157,157,1962,Mexico,3,1,Czechoslovakia
158,158,1962,England,0,0,Bulgaria
159,159,1962,Italy,3,0,Switzerland
160,160,1962,Chile,2,1,Soviet Union
161,161,1962,Brazil,3,1,England
162,162,1962,Czechoslovakia,1,0,Hungary
163,163,1962,Yugoslavia,1,0,Germany FR
164,164,1962,Czechoslovakia,3,1,Yugoslavia
165,165,1962,Brazil,4,2,Chile
166,166,1962,Chile,1,0,Yugoslavia
167,167,1962,Brazil,3,1,Czechoslovakia
168,168,1966,England,0,0,Uruguay
169,169,1966,Germany FR,5,0,Switzerland
170,170,1966,Brazil,2,0,Bulgaria
171,171,1966,Soviet Union,3,0,Korea DPR
172,172,1966,France,1,1,Mexico
173,173,1966,Portugal,3,1,Hungary
174,174,1966,Argentina,2,1,Spain
175,175,1966,Italy,2,0,Chile
176,176,1966,Uruguay,2,1,France
177,177,1966,Spain,2,1,Switzerland
178,178,1966,Hungary,3,1,Brazil
179,179,1966,Korea DPR,1,1,Chile
180,180,1966,Portugal,3,0,Bulgaria
181,181,1966,Germany FR,0,0,Argentina
182,182,1966,Soviet Union,1,0,Italy
183,183,1966,England,2,0,Mexico
184,184,1966,Uruguay,0,0,Mexico
185,185,1966,Argentina,2,0,Switzerland
186,186,1966,Portugal,3,1,Brazil
187,187,1966,Korea DPR,1,0,Italy
188,188,1966,England,2,0,France
189,189,1966,Hungary,3,1,Bulgaria
190,190,1966,Germany FR,2,1,Spain
191,191,1966,Soviet Union,2,1,Chile
192,192,1966,England,1,0,Argentina
193,193,1966,Germany FR,4,0,Uruguay
194,194,1966,Soviet Union,2,1,Hungary
195,195,1966,Portugal,5,3,Korea DPR
196,196,1966,Germany FR,2,1,Soviet Union
197,197,1966,England,2,1,Portugal
198,198,1966,Portugal,2,1,Soviet Union
199,199,1966,England,4,2,Germany FR
200,200,1970,Mexico,0,0,Soviet Union
201,201,1970,Uruguay,2,0,Israel
202,202,1970,Peru,3,2,Bulgaria
203,203,1970,England,1,0,Romania
204,204,1970,Italy,1,0,Sweden
205,205,1970,Germany FR,2,1,Morocco
206,206,1970,Brazil,4,1,Czechoslovakia
207,207,1970,Belgium,3,0,El Salvador
208,208,1970,Uruguay,0,0,Italy
209,209,1970,Peru,3,0,Morocco
210,210,1970,Romania,2,1,Czechoslovakia
211,211,1970,Soviet Union,4,1,Belgium
212,212,1970,Sweden,1,1,Israel
213,213,1970,Germany FR,5,2,Bulgaria
214,214,1970,Brazil,1,0,England
215,215,1970,Mexico,4,0,El Salvador
216,216,1970,Sweden,1,0,Uruguay
217,217,1970,Germany FR,3,1,Peru
218,218,1970,Brazil,3,2,Romania
219,219,1970,Soviet Union,2,0,El Salvador
220,220,1970,Italy,0,0,Israel
221,221,1970,Bulgaria,1,1,Morocco
222,222,1970,England,1,0,Czechoslovakia
223,223,1970,Mexico,1,0,Belgium
224,224,1970,Italy,4,1,Mexico
225,225,1970,Germany FR,3,2,England
226,226,1970,Brazil,4,2,Peru
227,227,1970,Uruguay,1,0,Soviet Union
228,228,1970,Brazil,3,1,Uruguay
229,229,1970,Italy,4,3,Germany FR
230,230,1970,Germany FR,1,0,Uruguay
231,231,1970,Brazil,4,1,Italy
232,232,1974,Brazil,0,0,Yugoslavia
233,233,1974,Germany FR,1,0,Chile
234,234,1974,German DR,2,0,Australia
235,235,1974,Zaire,0,2,Scotland
236,236,1974,Uruguay,0,2,Netherlands
237,237,1974,Sweden,0,0,Bulgaria
238,238,1974,Italy,3,1,Haiti
239,239,1974,Poland,3,2,Argentina
240,240,1974,Australia,0,3,Germany FR
241,241,1974,Scotland,0,0,Brazil
242,242,1974,Chile,1,1,German DR
243,243,1974,Yugoslavia,9,0,Zaire
244,244,1974,Netherlands,0,0,Sweden
245,245,1974,Bulgaria,1,1,Uruguay
246,246,1974,Haiti,0,7,Poland
247,247,1974,Argentina,1,1,Italy
248,248,1974,Scotland,1,1,Yugoslavia
249,249,1974,Australia,0,0,Chile
250,250,1974,Zaire,0,3,Brazil
251,251,1974,German DR,1,0,Germany FR
252,252,1974,Bulgaria,1,4,Netherlands
253,253,1974,Argentina,4,1,Haiti
254,254,1974,Sweden,3,0,Uruguay
255,255,1974,Poland,2,1,Italy
256,256,1974,Yugoslavia,0,2,Germany FR
257,257,1974,Brazil,1,0,German DR
258,258,1974,Netherlands,4,0,Argentina
259,259,1974,Sweden,0,1,Poland
260,260,1974,Argentina,1,2,Brazil
261,261,1974,Poland,2,1,Yugoslavia
262,262,1974,German DR,0,2,Netherlands
263,263,1974,Germany FR,4,2,Sweden
264,264,1974,Poland,0,1,Germany FR
265,265,1974,Netherlands,2,0,Brazil
266,266,1974,Argentina,1,1,German DR
267,267,1974,Sweden,2,1,Yugoslavia
268,268,1974,Brazil,0,1,Poland
269,269,1974,Netherlands,1,2,Germany FR
270,270,1978,Germany FR,0,0,Poland
271,271,1978,Italy,2,1,France
272,272,1978,Tunisia,3,1,Mexico
273,273,1978,Argentina,2,1,Hungary
274,274,1978,Sweden,1,1,Brazil
275,275,1978,Austria,2,1,Spain
276,276,1978,Peru,3,1,Scotland
277,277,1978,Netherlands,3,0,IR Iran
278,278,1978,Italy,3,1,Hungary
279,279,1978,Poland,1,0,Tunisia
280,280,1978,Germany FR,6,0,Mexico
281,281,1978,Argentina,2,1,France
282,282,1978,Brazil,0,0,Spain
283,283,1978,Austria,1,0,Sweden
284,284,1978,Scotland,1,1,IR Iran
285,285,1978,Netherlands,0,0,Peru
286,286,1978,France,3,1,Hungary
287,287,1978,Poland,3,1,Mexico
288,288,1978,Germany FR,0,0,Tunisia
289,289,1978,Italy,1,0,Argentina
290,290,1978,Brazil,1,0,Austria
291,291,1978,Spain,1,0,Sweden
292,292,1978,Peru,4,1,Iran
293,293,1978,Scotland,3,2,Netherlands
294,294,1978,Germany FR,0,0,Italy
295,295,1978,Netherlands,5,1,Austria
296,296,1978,Brazil,3,0,Peru
297,297,1978,Argentina,2,0,Poland
298,298,1978,Poland,1,0,Peru
299,299,1978,Italy,1,0,Austria
300,300,1978,Germany FR,2,2,Netherlands
301,301,1978,Argentina,0,0,Brazil
302,302,1978,Netherlands,2,1,Italy
303,303,1978,Austria,3,2,Germany FR
304,304,1978,Brazil,3,1,Poland
305,305,1978,Argentina,6,0,Peru
306,306,1978,Brazil,2,1,Italy
307,307,1978,Argentina,3,1,Netherlands
308,308,1982,Argentina,0,1,Belgium
309,309,1982,Italy,0,0,Poland
310,310,1982,Brazil,2,1,Soviet Union
311,311,1982,Peru,0,0,Cameroon
312,312,1982,Hungary,10,1,El Salvador
313,313,1982,Scotland,5,2,New Zealand
314,314,1982,Germany FR,1,2,Algeria
315,315,1982,England,3,1,France
316,316,1982,Spain,1,1,Honduras
317,317,1982,Chile,0,1,Austria
318,318,1982,Czechoslovakia,1,1,Kuwait
319,319,1982,Yugoslavia,0,0,Northern Ireland
320,320,1982,Italy,1,1,Peru
321,321,1982,Argentina,4,1,Hungary
322,322,1982,Brazil,4,1,Scotland
323,323,1982,Poland,0,0,Cameroon
324,324,1982,Belgium,1,0,El Salvador
325,325,1982,Soviet Union,3,0,New Zealand
326,326,1982,Germany FR,4,1,Chile
327,327,1982,England,2,0,Czechoslovakia
328,328,1982,Spain,2,1,Yugoslavia
329,329,1982,Algeria,0,2,Austria
330,330,1982,France,4,1,Kuwait
331,331,1982,Honduras,1,1,Northern Ireland
332,332,1982,Poland,5,1,Peru
333,333,1982,Belgium,1,1,Hungary
334,334,1982,Soviet Union,2,2,Scotland
335,335,1982,Italy,1,1,Cameroon
336,336,1982,Argentina,2,0,El Salvador
337,337,1982,Brazil,4,0,New Zealand
338,338,1982,Algeria,3,2,Chile
339,339,1982,France,1,1,Czechoslovakia
340,340,1982,Honduras,0,1,Yugoslavia
341,341,1982,Germany FR,1,0,Austria
342,342,1982,England,1,0,Kuwait
343,343,1982,Northern Ireland,1,0,Spain
344,344,1982,Austria,0,1,France
345,345,1982,Poland,3,0,Belgium
346,346,1982,Italy,2,1,Argentina
347,347,1982,Germany FR,0,0,England
348,348,1982,Austria,2,2,Northern Ireland
349,349,1982,Belgium,0,1,Soviet Union
350,350,1982,Argentina,1,3,Brazil
351,351,1982,Germany FR,2,1,Spain
352,352,1982,France,4,1,Northern Ireland
353,353,1982,Poland,0,0,Soviet Union
354,354,1982,Italy,3,2,Brazil
355,355,1982,Spain,0,0,England
356,356,1982,Poland,0,2,Italy
357,357,1982,Germany FR,3,3,France
358,358,1982,Poland,3,2,France
359,359,1982,Italy,3,1,Germany FR
360,360,1986,Bulgaria,1,1,Italy
361,361,1986,Canada,0,1,France
362,362,1986,Spain,0,1,Brazil
363,363,1986,Soviet Union,6,0,Hungary
364,364,1986,Argentina,3,1,Korea Republic
365,365,1986,Morocco,0,0,Poland
366,366,1986,Algeria,1,1,Northern Ireland
367,367,1986,Belgium,1,2,Mexico
368,368,1986,Portugal,1,0,England
369,369,1986,Paraguay,1,0,Iraq
370,370,1986,Scotland,0,1,Denmark
371,371,1986,Uruguay,1,1,Germany FR
372,372,1986,Italy,1,1,Argentina
373,373,1986,France,1,1,Soviet Union
374,374,1986,Korea Republic,1,1,Bulgaria
375,375,1986,Hungary,2,0,Canada
376,376,1986,Brazil,1,0,Algeria
377,377,1986,England,0,0,Morocco
378,378,1986,Northern Ireland,1,2,Spain
379,379,1986,Mexico,1,1,Paraguay
380,380,1986,Poland,1,0,Portugal
381,381,1986,Iraq,1,2,Belgium
382,382,1986,Denmark,6,1,Uruguay
383,383,1986,Germany FR,2,1,Scotland
384,384,1986,Hungary,0,3,France
385,385,1986,Soviet Union,2,0,Canada
386,386,1986,Korea Republic,2,3,Italy
387,387,1986,Argentina,2,0,Bulgaria
388,388,1986,Paraguay,2,2,Belgium
389,389,1986,Iraq,0,1,Mexico
390,390,1986,Portugal,1,3,Morocco
391,391,1986,England,3,0,Poland
392,392,1986,Northern Ireland,0,3,Brazil
393,393,1986,Algeria,0,3,Spain
394,394,1986,Scotland,0,0,Uruguay
395,395,1986,Denmark,2,0,Germany FR
396,396,1986,Soviet Union,3,4,Belgium
397,397,1986,Mexico,2,0,Bulgaria
398,398,1986,Argentina,1,0,Uruguay
399,399,1986,Brazil,4,0,Poland
400,400,1986,Italy,0,2,France
401,401,1986,Morocco,0,1,Germany FR
402,402,1986,England,3,0,Paraguay
403,403,1986,Denmark,1,5,Spain
404,404,1986,Brazil,1,1,France
405,405,1986,Germany FR,0,0,Mexico
406,406,1986,Spain,1,1,Belgium
407,407,1986,Argentina,2,1,England
408,408,1986,France,0,2,Germany FR
409,409,1986,Argentina,2,0,Belgium
410,410,1986,France,4,2,Belgium
411,411,1986,Argentina,3,2,Germany FR
412,412,1990,Argentina,0,1,Cameroon
413,413,1990,Soviet Union,0,2,Romania
414,414,1990,United Arab Emirates,0,2,Colombia
415,415,1990,Italy,1,0,Austria
416,416,1990,USA,1,5,Czechoslovakia
417,417,1990,Brazil,2,1,Sweden
418,418,1990,Germany FR,4,1,Yugoslavia
419,419,1990,Costa Rica,1,0,Scotland
420,420,1990,England,1,1,Republic of Ireland
421,421,1990,Belgium,2,0,Korea Republic
422,422,1990,Netherlands,1,1,Egypt
423,423,1990,Uruguay,0,0,Spain
424,424,1990,Argentina,2,0,Soviet Union
425,425,1990,Cameroon,2,1,Romania
426,426,1990,Yugoslavia,1,0,Colombia
427,427,1990,Italy,1,0,USA
428,428,1990,Austria,0,1,Czechoslovakia
429,429,1990,Germany FR,5,1,United Arab Emirates
430,430,1990,Brazil,1,0,Costa Rica
431,431,1990,Sweden,1,2,Scotland
432,432,1990,England,0,0,Netherlands
433,433,1990,Republic of Ireland,0,0,Egypt
434,434,1990,Korea Republic,1,3,Spain
435,435,1990,Belgium,3,1,Uruguay
436,436,1990,Argentina,1,1,Romania
437,437,1990,Cameroon,0,4,Soviet Union
438,438,1990,Germany FR,1,1,Colombia
439,439,1990,Yugoslavia,4,1,United Arab Emirates
440,440,1990,Italy,2,0,Czechoslovakia
441,441,1990,Austria,2,1,USA
442,442,1990,Brazil,1,0,Scotland
443,443,1990,Sweden,1,2,Costa Rica
444,444,1990,Korea Republic,0,1,Uruguay
445,445,1990,Belgium,1,2,Spain
446,446,1990,Republic of Ireland,1,1,Netherlands
447,447,1990,England,1,0,Egypt
448,448,1990,Cameroon,2,1,Colombia
449,449,1990,Czechoslovakia,4,1,Costa Rica
450,450,1990,Brazil,0,1,Argentina
451,451,1990,Germany FR,2,1,Netherlands
452,452,1990,Republic of Ireland,0,0,Romania
453,453,1990,Italy,2,0,Uruguay
454,454,1990,Spain,1,2,Yugoslavia
455,455,1990,England,1,0,Belgium
456,456,1990,Yugoslavia,0,0,Argentina
457,457,1990,Italy,1,0,Republic of Ireland
458,458,1990,Germany FR,1,0,Czechoslovakia
459,459,1990,England,3,2,Cameroon
460,460,1990,Italy,1,1,Argentina
461,461,1990,Germany FR,1,1,England
462,462,1990,Italy,2,1,England
463,463,1990,Germany FR,1,0,Argentina
464,464,1994,Spain,2,2,Korea Republic
465,465,1994,Germany,1,0,Bolivia
466,466,1994,USA,1,1,Switzerland
467,467,1994,Italy,0,1,Republic of Ireland
468,468,1994,Colombia,1,3,Romania
469,469,1994,Belgium,1,0,Morocco
470,470,1994,Norway,1,0,Mexico
471,471,1994,Cameroon,2,2,Sweden
472,472,1994,Netherlands,2,1,Saudi Arabia
473,473,1994,Brazil,2,0,Russia
474,474,1994,Argentina,4,0,Greece
475,475,1994,Nigeria,3,0,Bulgaria
476,476,1994,Germany,1,1,Spain
477,477,1994,Romania,1,4,Switzerland
478,478,1994,USA,2,1,Colombia
479,479,1994,Italy,1,0,Norway
480,480,1994,Korea Republic,0,0,Bolivia
481,481,1994,Mexico,2,1,Republic of Ireland
482,482,1994,Sweden,3,1,Russia
483,483,1994,Brazil,3,0,Cameroon
484,484,1994,Belgium,1,0,Netherlands
485,485,1994,Saudi Arabia,2,1,Morocco
486,486,1994,Argentina,2,1,Nigeria
487,487,1994,Bulgaria,4,0,Greece
488,488,1994,USA,0,1,Romania
489,489,1994,Switzerland,0,2,Colombia
490,490,1994,Germany,3,2,Korea Republic
491,491,1994,Bolivia,1,3,Spain
492,492,1994,Republic of Ireland,0,0,Norway
493,493,1994,Brazil,1,1,Sweden
494,494,1994,Italy,1,1,Mexico
495,495,1994,Russia,6,1,Cameroon
496,496,1994,Morocco,1,2,Netherlands
497,497,1994,Belgium,0,1,Saudi Arabia
498,498,1994,Greece,0,2,Nigeria
499,499,1994,Argentina,0,2,Bulgaria
500,500,1994,Germany,3,2,Belgium
501,501,1994,Spain,3,0,Switzerland
502,502,1994,Saudi Arabia,1,3,Sweden
503,503,1994,Romania,3,2,Argentina
504,504,1994,Netherlands,2,0,Republic of Ireland
505,505,1994,Brazil,1,0,USA
506,506,1994,Nigeria,1,2,Italy
507,507,1994,Mexico,1,1,Bulgaria
508,508,1994,Italy,2,1,Spain
509,509,1994,Netherlands,2,3,Brazil
510,510,1994,Bulgaria,2,1,Germany
511,511,1994,Romania,2,2,Sweden
512,512,1994,Bulgaria,1,2,Italy
513,513,1994,Sweden,0,1,Brazil
514,514,1994,Sweden,4,0,Bulgaria
515,515,1994,Brazil,0,0,Italy
516,516,1998,Brazil,2,1,Scotland
517,517,1998,Morocco,2,2,Norway
518,518,1998,Italy,2,2,Chile
519,519,1998,Cameroon,1,1,Austria
520,520,1998,Paraguay,0,0,Bulgaria
521,521,1998,Saudi Arabia,0,1,Denmark
522,522,1998,France,3,0,South Africa
523,523,1998,Spain,2,3,Nigeria
524,524,1998,Korea Republic,1,3,Mexico
525,525,1998,Netherlands,0,0,Belgium
526,526,1998,Argentina,1,0,Japan
527,527,1998,Yugoslavia,1,0,Iran
528,528,1998,Jamaica,1,3,Croatia
529,529,1998,England,2,0,Tunisia
530,530,1998,Romania,1,0,Colombia
531,531,1998,Germany,2,0,USA
532,532,1998,Scotland,1,1,Norway
533,533,1998,Brazil,3,0,Morocco
534,534,1998,Chile,1,1,Austria
535,535,1998,Italy,3,0,Cameroon
536,536,1998,South Africa,1,1,Denmark
537,537,1998,France,4,0,Saudi Arabia
538,538,1998,Nigeria,1,0,Bulgaria
539,539,1998,Spain,0,0,Paraguay
540,540,1998,Japan,0,1,Croatia
541,541,1998,Belgium,2,2,Mexico
542,542,1998,Netherlands,5,0,Korea Republic
543,543,1998,Germany,2,2,Yugoslavia
544,544,1998,Argentina,5,0,Jamaica
545,545,1998,USA,1,2,Iran
546,546,1998,Colombia,1,0,Tunisia
547,547,1998,Romania,2,1,England
548,548,1998,Italy,2,1,Austria
549,549,1998,Chile,1,1,Cameroon
550,550,1998,Scotland,0,3,Morocco
551,551,1998,Brazil,1,2,Norway
552,552,1998,France,2,1,Denmark
553,553,1998,South Africa,2,2,Saudi Arabia
554,554,1998,Spain,6,1,Bulgaria
555,555,1998,Nigeria,1,3,Paraguay
556,556,1998,Belgium,1,1,Korea Republic
557,557,1998,Netherlands,2,2,Mexico
558,558,1998,Germany,2,0,Iran
559,559,1998,USA,0,1,Yugoslavia
560,560,1998,Japan,1,2,Jamaica
561,561,1998,Argentina,1,0,Croatia
562,562,1998,Romania,1,1,Tunisia
563,563,1998,Colombia,0,2,England
564,564,1998,Italy,1,0,Norway
565,565,1998,Brazil,4,1,Chile
566,566,1998,France,1,0,Paraguay
567,567,1998,Nigeria,1,4,Denmark
568,568,1998,Germany,2,1,Mexico
569,569,1998,Netherlands,2,1,Yugoslavia
570,570,1998,Romania,0,1,Croatia
571,571,1998,Argentina,2,2,England
572,572,1998,Italy,0,0,France
573,573,1998,Brazil,3,2,Denmark
574,574,1998,Netherlands,2,1,Argentina
575,575,1998,Germany,0,3,Croatia
576,576,1998,Brazil,1,1,Netherlands
577,577,1998,France,2,1,Croatia
578,578,1998,Netherlands,1,2,Croatia
579,579,1998,Brazil,0,3,France
580,580,2002,France,0,1,Senegal
581,581,2002,Uruguay,1,2,Denmark
582,582,2002,Republic of Ireland,1,1,Cameroon
583,583,2002,Germany,8,0,Saudi Arabia
584,584,2002,Argentina,1,0,Nigeria
585,585,2002,Paraguay,2,2,South Africa
586,586,2002,England,1,1,Sweden
587,587,2002,Spain,3,1,Slovenia
588,588,2002,Brazil,2,1,Turkey
589,589,2002,Italy,2,0,Ecuador
590,590,2002,Croatia,0,1,Mexico
591,591,2002,China PR,0,2,Costa Rica
592,592,2002,Japan,2,2,Belgium
593,593,2002,Korea Republic,2,0,Poland
594,594,2002,Russia,2,0,Tunisia
595,595,2002,USA,3,2,Portugal
596,596,2002,Germany,1,1,Republic of Ireland
597,597,2002,Denmark,1,1,Senegal
598,598,2002,Cameroon,1,0,Saudi Arabia
599,599,2002,France,0,0,Uruguay
600,600,2002,Sweden,2,1,Nigeria
601,601,2002,Argentina,0,1,England
602,602,2002,Spain,3,1,Paraguay
603,603,2002,South Africa,1,0,Slovenia
604,604,2002,Brazil,4,0,China PR
605,605,2002,Italy,1,2,Croatia
606,606,2002,Costa Rica,1,1,Turkey
607,607,2002,Japan,1,0,Russia
608,608,2002,Mexico,2,1,Ecuador
609,609,2002,Korea Republic,1,1,USA
610,610,2002,Portugal,4,0,Poland
611,611,2002,Tunisia,1,1,Belgium
612,612,2002,Denmark,2,0,France
613,613,2002,Senegal,3,3,Uruguay
614,614,2002,Saudi Arabia,0,3,Republic of Ireland
615,615,2002,Cameroon,0,2,Germany
616,616,2002,Sweden,1,1,Argentina
617,617,2002,Nigeria,0,0,England
618,618,2002,Slovenia,1,3,Paraguay
619,619,2002,South Africa,2,3,Spain
620,620,2002,Costa Rica,2,5,Brazil
621,621,2002,Turkey,3,0,China PR
622,622,2002,Ecuador,1,0,Croatia
623,623,2002,Mexico,1,1,Italy
624,624,2002,Tunisia,0,2,Japan
625,625,2002,Portugal,0,1,Korea Republic
626,626,2002,Poland,3,1,USA
627,627,2002,Belgium,3,2,Russia
628,628,2002,Denmark,0,3,England
629,629,2002,Germany,1,0,Paraguay
630,630,2002,Spain,1,1,Republic of Ireland
631,631,2002,Sweden,1,2,Senegal
632,632,2002,Brazil,2,0,Belgium
633,633,2002,Mexico,0,2,USA
634,634,2002,Japan,0,1,Turkey
635,635,2002,Korea Republic,2,1,Italy
636,636,2002,England,1,2,Brazil
637,637,2002,Germany,1,0,USA
638,638,2002,Senegal,0,1,Turkey
639,639,2002,Spain,0,0,Korea Republic
640,640,2002,Germany,1,0,Korea Republic
641,641,2002,Brazil,1,0,Turkey
642,642,2002,Korea Republic,2,3,Turkey
643,643,2002,Germany,0,2,Brazil
644,644,2006,Germany,4,2,Costa Rica
645,645,2006,Poland,0,2,Ecuador
646,646,2006,England,1,0,Paraguay
647,647,2006,Trinidad and Tobago,0,0,Sweden
648,648,2006,Argentina,2,1,Ivory Coast
649,649,2006,Serbia and Montenegro,0,1,Netherlands
650,650,2006,Mexico,3,1,Iran
651,651,2006,Angola,0,1,Portugal
652,652,2006,Australia,3,1,Japan
653,653,2006,USA,0,3,Czech Republic
654,654,2006,Italy,2,0,Ghana
655,655,2006,Korea Republic,2,1,Togo
656,656,2006,France,0,0,Switzerland
657,657,2006,Brazil,1,0,Croatia
658,658,2006,Spain,4,0,Ukraine
659,659,2006,Tunisia,2,2,Saudi Arabia
660,660,2006,Germany,1,0,Poland
661,661,2006,Ecuador,3,0,Costa Rica
662,662,2006,England,2,0,Trinidad and Tobago
663,663,2006,Sweden,1,0,Paraguay
664,664,2006,Argentina,6,0,Serbia and Montenegro
665,665,2006,Netherlands,2,1,Ivory Coast
666,666,2006,Mexico,0,0,Angola
667,667,2006,Portugal,2,0,IR Iran
668,668,2006,Czech Republic,0,2,Ghana
669,669,2006,Italy,1,1,USA
670,670,2006,Japan,0,0,Croatia
671,671,2006,Brazil,2,0,Australia
672,672,2006,France,1,1,Korea Republic
673,673,2006,Togo,0,2,Switzerland
674,674,2006,Saudi Arabia,0,4,Ukraine
675,675,2006,Spain,3,1,Tunisia
676,676,2006,Ecuador,0,3,Germany
677,677,2006,Costa Rica,1,2,Poland
678,678,2006,Sweden,2,2,England
679,679,2006,Paraguay,2,0,Trinidad and Tobago
680,680,2006,Iran,1,1,Angola
681,681,2006,Portugal,2,1,Mexico
682,682,2006,Netherlands,0,0,Argentina
683,683,2006,Ivory Coast,3,2,Serbia and Montenegro
684,684,2006,Czech Republic,0,2,Italy
685,685,2006,Ghana,2,1,USA
686,686,2006,Japan,1,4,Brazil
687,687,2006,Croatia,2,2,Australia
688,688,2006,Ukraine,1,0,Tunisia
689,689,2006,Saudi Arabia,0,1,Spain
690,690,2006,Togo,0,2,France
691,691,2006,Switzerland,2,0,Korea Republic
692,692,2006,Germany,2,0,Sweden
693,693,2006,Argentina,2,1,Mexico
694,694,2006,England,1,0,Ecuador
695,695,2006,Portugal,1,0,Netherlands
696,696,2006,Italy,1,0,Australia
697,697,2006,Switzerland,0,0,Ukraine
698,698,2006,Brazil,3,0,Ghana
699,699,2006,Spain,1,3,France
700,700,2006,Germany,1,1,Argentina
701,701,2006,Italy,3,0,Ukraine
702,702,2006,England,0,0,Portugal
703,703,2006,Brazil,0,1,France
704,704,2006,Germany,0,2,Italy
705,705,2006,Portugal,0,1,France
706,706,2006,Germany,3,1,Portugal
707,707,2006,Italy,1,1,France
708,708,2010,South Africa,1,1,Mexico
709,709,2010,Uruguay,0,0,France
710,710,2010,Korea Republic,2,0,Greece
711,711,2010,Argentina,1,0,Nigeria
712,712,2010,England,1,1,USA
713,713,2010,Algeria,0,1,Slovenia
714,714,2010,Serbia,0,1,Ghana
715,715,2010,Germany,4,0,Australia
716,716,2010,Netherlands,2,0,Denmark
717,717,2010,Japan,1,0,Cameroon
718,718,2010,Italy,1,1,Paraguay
719,719,2010,New Zealand,1,1,Slovakia
720,720,2010,Ivory Coast,0,0,Portugal
721,721,2010,Brazil,2,1,Korea DPR
722,722,2010,Honduras,0,1,Chile
723,723,2010,Spain,0,1,Switzerland
724,724,2010,South Africa,0,3,Uruguay
725,725,2010,Argentina,4,1,Korea Republic
726,726,2010,Greece,2,1,Nigeria
727,727,2010,France,0,2,Mexico
728,728,2010,Germany,0,1,Serbia
729,729,2010,Slovenia,2,2,USA
730,730,2010,England,0,0,Algeria
731,731,2010,Netherlands,1,0,Japan
732,732,2010,Ghana,1,1,Australia
733,733,2010,Cameroon,1,2,Denmark
734,734,2010,Slovakia,0,2,Paraguay
735,735,2010,Italy,1,1,New Zealand
736,736,2010,Brazil,3,1,Ivory Coast
737,737,2010,Portugal,7,0,Korea DPR
738,738,2010,Chile,1,0,Switzerland
739,739,2010,Spain,2,0,Honduras
740,740,2010,Mexico,0,1,Uruguay
741,741,2010,France,1,2,South Africa
742,742,2010,Nigeria,2,2,Korea Republic
743,743,2010,Greece,0,2,Argentina
744,744,2010,Slovenia,0,1,England
745,745,2010,USA,1,0,Algeria
746,746,2010,Ghana,0,1,Germany
747,747,2010,Australia,2,1,Serbia
748,748,2010,Slovakia,3,2,Italy
749,749,2010,Paraguay,0,0,New Zealand
750,750,2010,Denmark,1,3,Japan
751,751,2010,Cameroon,1,2,Netherlands
752,752,2010,Portugal,0,0,Brazil
753,753,2010,Korea DPR,0,3,Ivory Coast
754,754,2010,Chile,1,2,Spain
755,755,2010,Switzerland,0,0,Honduras
756,756,2010,Uruguay,2,1,Korea Republic
757,757,2010,USA,1,2,Ghana
758,758,2010,Germany,4,1,England
759,759,2010,Argentina,3,1,Mexico
760,760,2010,Netherlands,2,1,Slovakia
761,761,2010,Brazil,3,0,Chile
762,762,2010,Paraguay,0,0,Japan
763,763,2010,Spain,1,0,Portugal
764,764,2010,Netherlands,2,1,Brazil
765,765,2010,Uruguay,1,1,Ghana
766,766,2010,Argentina,0,4,Germany
767,767,2010,Paraguay,0,1,Spain
768,768,2010,Uruguay,2,3,Netherlands
769,769,2010,Germany,0,1,Spain
770,770,2010,Uruguay,2,3,Germany
771,771,2010,Netherlands,0,1,Spain
772,772,2014,Brazil,3,1,Croatia
773,773,2014,Mexico,1,0,Cameroon
774,774,2014,Spain,1,5,Netherlands
775,775,2014,Chile,3,1,Australia
776,776,2014,Colombia,3,0,Greece
777,777,2014,Uruguay,1,3,Costa Rica
778,778,2014,England,1,2,Italy
779,779,2014,Ivory Coast,2,1,Japan
780,780,2014,Switzerland,2,1,Ecuador
781,781,2014,France,3,0,Honduras
782,782,2014,Argentina,2,1,Bosnia and Herzegovina
783,783,2014,Germany,4,0,Portugal
784,784,2014,IR Iran,0,0,Nigeria
785,785,2014,Ghana,1,2,USA
786,786,2014,Belgium,2,1,Algeria
787,787,2014,Brazil,0,0,Mexico
788,788,2014,Russia,1,1,Korea Republic
789,789,2014,Australia,2,3,Netherlands
790,790,2014,Spain,0,2,Chile
791,791,2014,Cameroon,0,4,Croatia
792,792,2014,Colombia,2,1,Ivory Coast
793,793,2014,Uruguay,2,1,England
794,794,2014,Japan,0,0,Greece
795,795,2014,Italy,0,1,Costa Rica
796,796,2014,Switzerland,2,5,France
797,797,2014,Honduras,1,2,Ecuador
798,798,2014,Argentina,1,0,IR Iran
799,799,2014,Germany,2,2,Ghana
800,800,2014,Nigeria,1,0,Bosnia and Herzegovina
801,801,2014,Belgium,1,0,Russia
802,802,2014,Korea Republic,2,4,Algeria
803,803,2014,USA,2,2,Portugal
804,804,2014,Australia,0,3,Spain
805,805,2014,Netherlands,2,0,Chile
806,806,2014,Cameroon,1,4,Brazil
807,807,2014,Croatia,1,3,Mexico
808,808,2014,Italy,0,1,Uruguay
809,809,2014,Costa Rica,0,0,England
810,810,2014,Japan,1,4,Colombia
811,811,2014,Greece,2,1,Ivory Coast
812,812,2014,Nigeria,2,3,Argentina
813,813,2014,Bosnia and Herzegovina,3,1,IR Iran
814,814,2014,Honduras,0,3,Switzerland
815,815,2014,Ecuador,0,0,France
816,816,2014,USA,0,1,Germany
817,817,2014,Portugal,2,1,Ghana
818,818,2014,Korea Republic,0,1,Belgium
819,819,2014,Algeria,1,1,Russia
820,820,2014,Brazil,1,1,Chile
821,821,2014,Colombia,2,0,Uruguay
822,822,2014,France,2,0,Nigeria
823,823,2014,Germany,2,1,Algeria
824,824,2014,Brazil,2,1,Colombia
825,825,2014,France,0,1,Germany
826,826,2014,Brazil,1,7,Germany
827,827,2014,Brazil,0,3,Netherlands
828,828,2014,Germany,1,0,Argentina
829,829,2014,Netherlands,0,0,Argentina
830,830,2014,Netherlands,0,0,Costa Rica
831,831,2014,Argentina,1,0,Belgium
832,832,2014,Netherlands,2,1,Mexico
833,833,2014,Costa Rica,1,1,Greece
834,834,2014,Argentina,1,0,Switzerland
835,835,2014,Belgium,2,1,USA
836,836,2014,Brazil,1,1,Chile
837,837,2014,Colombia,2,0,Uruguay
838,838,2014,Netherlands,2,1,Mexico
839,839,2014,Costa Rica,1,1,Greece
840,840,2014,France,2,0,Nigeria
841,841,2014,Germany,2,1,Algeria
842,842,2014,Argentina,1,0,Switzerland
843,843,2014,Belgium,2,1,USA
844,844,2014,France,0,1,Germany
845,845,2014,Brazil,2,1,Colombia
846,846,2014,Argentina,1,0,Belgium
847,847,2014,Netherlands,0,0,Costa Rica
848,848,2014,Brazil,1,7,Germany
849,849,2014,Netherlands,0,0,Argentina
850,850,2014,Brazil,0,3,Netherlands
851,851,2014,Germany,1,0,Argentina
